time,lon,lat,ETP
2021-01-01,11.52,3.87,2.998
2021-01-01,13.4,9.3,3.11
2021-01-02,11.52,3.87,2.9410000000000003
2021-01-02,13.4,9.3,3.089
2021-01-03,11.52,3.87,3.223
2021-01-03,13.4,9.3,3.25
2021-01-04,11.52,3.87,2.875
2021-01-04,13.4,9.3,3.285
2021-01-05,11.52,3.87,3.227
2021-01-05,13.4,9.3,3.1830000000000003
2021-01-06,11.52,3.87,1.109
2021-01-06,13.4,9.3,3.2
2021-01-07,11.52,3.87,2.71
2021-01-07,13.4,9.3,3.258
2021-01-08,11.52,3.87,3.537
2021-01-08,13.4,9.3,3.2640000000000002
2021-01-09,11.52,3.87,3.357
2021-01-09,13.4,9.3,3.323
2021-01-10,11.52,3.87,3.668
2021-01-10,13.4,9.3,3.274
2021-01-11,11.52,3.87,3.39
2021-01-11,13.4,9.3,3.213
2021-01-12,11.52,3.87,2.961
2021-01-12,13.4,9.3,3.194
2021-01-13,11.52,3.87,3.347
2021-01-13,13.4,9.3,3.194
2021-01-14,11.52,3.87,2.782
2021-01-14,13.4,9.3,3.1870000000000003
2021-01-15,11.52,3.87,3.0020000000000002
2021-01-15,13.4,9.3,3.117
2021-01-16,11.52,3.87,2.57
2021-01-16,13.4,9.3,3.033
2021-01-17,11.52,3.87,2.426
2021-01-17,13.4,9.3,3.11
2021-01-18,11.52,3.87,2.844
2021-01-18,13.4,9.3,3.18
2021-01-19,11.52,3.87,3.1
2021-01-19,13.4,9.3,3.194
2021-01-20,11.52,3.87,3.0220000000000002
2021-01-20,13.4,9.3,3.0460000000000003
2021-01-21,11.52,3.87,3.076
2021-01-21,13.4,9.3,3.019
2021-01-22,11.52,3.87,2.85
2021-01-22,13.4,9.3,3.0260000000000002
2021-01-23,11.52,3.87,2.6510000000000002
2021-01-23,13.4,9.3,3.0380000000000003
2021-01-24,11.52,3.87,2.6670000000000003
2021-01-24,13.4,9.3,3.2
2021-01-25,11.52,3.87,2.628
2021-01-25,13.4,9.3,3.285
2021-01-26,11.52,3.87,2.677
2021-01-26,13.4,9.3,3.259
2021-01-27,11.52,3.87,2.402
2021-01-27,13.4,9.3,3.3280000000000003
2021-01-28,11.52,3.87,2.59
2021-01-28,13.4,9.3,3.403
2021-01-29,11.52,3.87,2.617
2021-01-29,13.4,9.3,3.435
2021-01-30,11.52,3.87,2.614
2021-01-30,13.4,9.3,3.258
2021-01-31,11.52,3.87,2.3850000000000002
2021-01-31,13.4,9.3,3.2880000000000003
2021-02-01,11.52,3.87,1.86
2021-02-01,13.4,9.3,3.274
2021-02-02,11.52,3.87,2.332
2021-02-02,13.4,9.3,3.366
2021-02-03,11.52,3.87,1.846
2021-02-03,13.4,9.3,3.4250000000000003
2021-02-04,11.52,3.87,2.674
2021-02-04,13.4,9.3,3.495
2021-02-05,11.52,3.87,2.726
2021-02-05,13.4,9.3,3.419
2021-02-06,11.52,3.87,2.622
2021-02-06,13.4,9.3,3.428
2021-02-07,11.52,3.87,2.386
2021-02-07,13.4,9.3,3.436
2021-02-08,11.52,3.87,2.42
2021-02-08,13.4,9.3,3.531
2021-02-09,11.52,3.87,2.658
2021-02-09,13.4,9.3,3.624
2021-02-10,11.52,3.87,2.43
2021-02-10,13.4,9.3,3.612
2021-02-11,11.52,3.87,2.3890000000000002
2021-02-11,13.4,9.3,3.443
2021-02-12,11.52,3.87,2.427
2021-02-12,13.4,9.3,3.471
2021-02-13,11.52,3.87,2.2
2021-02-13,13.4,9.3,3.478
2021-02-14,11.52,3.87,1.982
2021-02-14,13.4,9.3,3.438
2021-02-15,11.52,3.87,1.7850000000000001
2021-02-15,13.4,9.3,3.547
2021-02-16,11.52,3.87,2.594
2021-02-16,13.4,9.3,3.834
2021-02-17,11.52,3.87,2.519
2021-02-17,13.4,9.3,3.605
2021-02-18,11.52,3.87,2.316
2021-02-18,13.4,9.3,3.198
2021-02-19,11.52,3.87,2.081
2021-02-19,13.4,9.3,3.033
2021-02-20,11.52,3.87,1.666
2021-02-20,13.4,9.3,3.088
2021-02-21,11.52,3.87,1.881
2021-02-21,13.4,9.3,3.298
2021-02-22,11.52,3.87,1.3860000000000001
2021-02-22,13.4,9.3,3.2960000000000003
2021-02-23,11.52,3.87,1.079
2021-02-23,13.4,9.3,3.387
2021-02-24,11.52,3.87,2.037
2021-02-24,13.4,9.3,3.434
2021-02-25,11.52,3.87,2.375
2021-02-25,13.4,9.3,3.488
2021-02-26,11.52,3.87,2.161
2021-02-26,13.4,9.3,3.551
2021-02-27,11.52,3.87,1.855
2021-02-27,13.4,9.3,3.5260000000000002
2021-02-28,11.52,3.87,2.04
2021-02-28,13.4,9.3,3.676
2021-03-01,11.52,3.87,2.177
2021-03-01,13.4,9.3,3.712
2021-03-02,11.52,3.87,1.988
2021-03-02,13.4,9.3,3.831
2021-03-03,11.52,3.87,2.123
2021-03-03,13.4,9.3,3.787
2021-03-04,11.52,3.87,1.7590000000000001
2021-03-04,13.4,9.3,3.749
2021-03-05,11.52,3.87,2.1550000000000002
2021-03-05,13.4,9.3,3.6830000000000003
2021-03-06,11.52,3.87,1.727
2021-03-06,13.4,9.3,3.865
2021-03-07,11.52,3.87,2.1470000000000002
2021-03-07,13.4,9.3,3.948
2021-03-08,11.52,3.87,1.992
2021-03-08,13.4,9.3,3.948
2021-03-09,11.52,3.87,1.8820000000000001
2021-03-09,13.4,9.3,3.9
2021-03-10,11.52,3.87,1.2530000000000001
2021-03-10,13.4,9.3,3.977
2021-03-11,11.52,3.87,3.712
2021-03-11,13.4,9.3,3.811
2021-03-12,11.52,3.87,2.306
2021-03-12,13.4,9.3,3.601
2021-03-13,11.52,3.87,3.237
2021-03-13,13.4,9.3,3.452
2021-03-14,11.52,3.87,2.742
2021-03-14,13.4,9.3,3.552
2021-03-15,11.52,3.87,1.824
2021-03-15,13.4,9.3,3.424
2021-03-16,11.52,3.87,2.996
2021-03-16,13.4,9.3,3.5820000000000003
2021-03-17,11.52,3.87,3.188
2021-03-17,13.4,9.3,3.64
2021-03-18,11.52,3.87,2.887
2021-03-18,13.4,9.3,3.3200000000000003
2021-03-19,11.52,3.87,1.35
2021-03-19,13.4,9.3,2.888
2021-03-20,11.52,3.87,0.539
2021-03-20,13.4,9.3,3.293
2021-03-21,11.52,3.87,4.535
2021-03-21,13.4,9.3,3.5020000000000002
2021-03-22,11.52,3.87,2.802
2021-03-22,13.4,9.3,3.31
2021-03-23,11.52,3.87,4.3500000000000005
2021-03-23,13.4,9.3,3.5060000000000002
2021-03-24,11.52,3.87,1.276
2021-03-24,13.4,9.3,3.17
2021-03-25,11.52,3.87,3.204
2021-03-25,13.4,9.3,3.458
2021-03-26,11.52,3.87,3.318
2021-03-26,13.4,9.3,3.722
2021-03-27,11.52,3.87,3.7070000000000003
2021-03-27,13.4,9.3,3.862
2021-03-28,11.52,3.87,3.1870000000000003
2021-03-28,13.4,9.3,3.727
2021-03-29,11.52,3.87,2.636
2021-03-29,13.4,9.3,3.759
2021-03-30,11.52,3.87,4.168
2021-03-30,13.4,9.3,3.734
2021-03-31,11.52,3.87,4.206
2021-03-31,13.4,9.3,3.8320000000000003
2021-04-01,11.52,3.87,3.789
2021-04-01,13.4,9.3,3.8160000000000003
2021-04-02,11.52,3.87,2.5020000000000002
2021-04-02,13.4,9.3,3.8360000000000003
2021-04-03,11.52,3.87,4.335
2021-04-03,13.4,9.3,3.927
2021-04-04,11.52,3.87,4.6080000000000005
2021-04-04,13.4,9.3,3.938
2021-04-05,11.52,3.87,2.535
2021-04-05,13.4,9.3,3.946
2021-04-06,11.52,3.87,1.93
2021-04-06,13.4,9.3,3.943
2021-04-07,11.52,3.87,4.484
2021-04-07,13.4,9.3,4.094
2021-04-08,11.52,3.87,3.052
2021-04-08,13.4,9.3,4.105
2021-04-09,11.52,3.87,3.727
2021-04-09,13.4,9.3,3.668
2021-04-10,11.52,3.87,3.559
2021-04-10,13.4,9.3,3.6
2021-04-11,11.52,3.87,2.724
2021-04-11,13.4,9.3,3.629
2021-04-12,11.52,3.87,3.323
2021-04-12,13.4,9.3,3.5140000000000002
2021-04-13,11.52,3.87,3.1870000000000003
2021-04-13,13.4,9.3,2.181
2021-04-14,11.52,3.87,2.612
2021-04-14,13.4,9.3,3.448
2021-04-15,11.52,3.87,4.2620000000000005
2021-04-15,13.4,9.3,3.541
2021-04-16,11.52,3.87,3.079
2021-04-16,13.4,9.3,3.731
2021-04-17,11.52,3.87,2.791
2021-04-17,13.4,9.3,3.6390000000000002
2021-04-18,11.52,3.87,3.676
2021-04-18,13.4,9.3,3.02
2021-04-19,11.52,3.87,1.688
2021-04-19,13.4,9.3,3.622
2021-04-20,11.52,3.87,3.998
2021-04-20,13.4,9.3,3.58
2021-04-21,11.52,3.87,2.962
2021-04-21,13.4,9.3,3.622
2021-04-22,11.52,3.87,3.375
2021-04-22,13.4,9.3,3.275
2021-04-23,11.52,3.87,3.13
2021-04-23,13.4,9.3,2.601
2021-04-24,11.52,3.87,1.8980000000000001
2021-04-24,13.4,9.3,3.011
2021-04-25,11.52,3.87,3.863
2021-04-25,13.4,9.3,3.141
2021-04-26,11.52,3.87,2.956
2021-04-26,13.4,9.3,3.424
2021-04-27,11.52,3.87,3.236
2021-04-27,13.4,9.3,3.448
2021-04-28,11.52,3.87,3.0060000000000002
2021-04-28,13.4,9.3,3.023
2021-04-29,11.52,3.87,2.117
2021-04-29,13.4,9.3,3.311
2021-04-30,11.52,3.87,4.22
2021-04-30,13.4,9.3,3.593
2021-05-01,11.52,3.87,2.914
2021-05-01,13.4,9.3,3.337
2021-05-02,11.52,3.87,3.13
2021-05-02,13.4,9.3,2.835
2021-05-03,11.52,3.87,1.456
2021-05-03,13.4,9.3,3.136
2021-05-04,11.52,3.87,0.809
2021-05-04,13.4,9.3,3.075
2021-05-05,11.52,3.87,4.21
2021-05-05,13.4,9.3,2.582
2021-05-06,11.52,3.87,2.953
2021-05-06,13.4,9.3,3.2800000000000002
2021-05-07,11.52,3.87,1.5050000000000001
2021-05-07,13.4,9.3,2.164
2021-05-08,11.52,3.87,2.186
2021-05-08,13.4,9.3,3.83
2021-05-09,11.52,3.87,3.234
2021-05-09,13.4,9.3,2.867
2021-05-10,11.52,3.87,4.808
2021-05-10,13.4,9.3,3.569
2021-05-11,11.52,3.87,3.922
2021-05-11,13.4,9.3,3.6510000000000002
2021-05-12,11.52,3.87,3.213
2021-05-12,13.4,9.3,3.5820000000000003
2021-05-13,11.52,3.87,1.839
2021-05-13,13.4,9.3,2.863
2021-05-14,11.52,3.87,3.8360000000000003
2021-05-14,13.4,9.3,2.963
2021-05-15,11.52,3.87,3.5740000000000003
2021-05-15,13.4,9.3,2.521
2021-05-16,11.52,3.87,2.63
2021-05-16,13.4,9.3,3.225
2021-05-17,11.52,3.87,3.476
2021-05-17,13.4,9.3,2.552
2021-05-18,11.52,3.87,2.811
2021-05-18,13.4,9.3,3.023
2021-05-19,11.52,3.87,2.219
2021-05-19,13.4,9.3,3.2720000000000002
2021-05-20,11.52,3.87,2.7720000000000002
2021-05-20,13.4,9.3,3.224
2021-05-21,11.52,3.87,2.57
2021-05-21,13.4,9.3,2.373
2021-05-22,11.52,3.87,1.552
2021-05-22,13.4,9.3,2.773
2021-05-23,11.52,3.87,4.222
2021-05-23,13.4,9.3,3.061
2021-05-24,11.52,3.87,3.337
2021-05-24,13.4,9.3,3.232
2021-05-25,11.52,3.87,3.91
2021-05-25,13.4,9.3,3.362
2021-05-26,11.52,3.87,2.591
2021-05-26,13.4,9.3,1.344
2021-05-27,11.52,3.87,1.25
2021-05-27,13.4,9.3,3.243
2021-05-28,11.52,3.87,3.6910000000000003
2021-05-28,13.4,9.3,3.234
2021-05-29,11.52,3.87,3.869
2021-05-29,13.4,9.3,3.091
2021-05-30,11.52,3.87,3.134
2021-05-30,13.4,9.3,3.1870000000000003
2021-05-31,11.52,3.87,0.353
2021-05-31,13.4,9.3,3.2760000000000002
2021-06-01,11.52,3.87,3.079
2021-06-01,13.4,9.3,2.251
2021-06-02,11.52,3.87,1.352
2021-06-02,13.4,9.3,2.676
2021-06-03,11.52,3.87,3.023
2021-06-03,13.4,9.3,3.109
2021-06-04,11.52,3.87,2.872
2021-06-04,13.4,9.3,0.73
2021-06-05,11.52,3.87,2.152
2021-06-05,13.4,9.3,2.036
2021-06-06,11.52,3.87,3.399
2021-06-06,13.4,9.3,2.6470000000000002
2021-06-07,11.52,3.87,3.118
2021-06-07,13.4,9.3,2.169
2021-06-08,11.52,3.87,2.457
2021-06-08,13.4,9.3,2.823
2021-06-09,11.52,3.87,3.47
2021-06-09,13.4,9.3,3.112
2021-06-10,11.52,3.87,2.99
2021-06-10,13.4,9.3,2.904
2021-06-11,11.52,3.87,2.041
2021-06-11,13.4,9.3,3.192
2021-06-12,11.52,3.87,3.196
2021-06-12,13.4,9.3,1.661
2021-06-13,11.52,3.87,2.621
2021-06-13,13.4,9.3,2.306
2021-06-14,11.52,3.87,3.528
2021-06-14,13.4,9.3,2.873
2021-06-15,11.52,3.87,2.88
2021-06-15,13.4,9.3,2.6470000000000002
2021-06-16,11.52,3.87,3.326
2021-06-16,13.4,9.3,1.588
2021-06-17,11.52,3.87,2.3930000000000002
2021-06-17,13.4,9.3,2.739
2021-06-18,11.52,3.87,2.062
2021-06-18,13.4,9.3,3.142
2021-06-19,11.52,3.87,1.831
2021-06-19,13.4,9.3,2.726
2021-06-20,11.52,3.87,2.628
2021-06-20,13.4,9.3,2.824
2021-06-21,11.52,3.87,1.597
2021-06-21,13.4,9.3,2.61
2021-06-22,11.52,3.87,2.741
2021-06-22,13.4,9.3,2.443
2021-06-23,11.52,3.87,1.676
2021-06-23,13.4,9.3,1.6600000000000001
2021-06-24,11.52,3.87,3.488
2021-06-24,13.4,9.3,2.402
2021-06-25,11.52,3.87,2.523
2021-06-25,13.4,9.3,3.217
2021-06-26,11.52,3.87,2.969
2021-06-26,13.4,9.3,3.081
2021-06-27,11.52,3.87,1.5130000000000001
2021-06-27,13.4,9.3,2.696
2021-06-28,11.52,3.87,2.958
2021-06-28,13.4,9.3,1.488
2021-06-29,11.52,3.87,2.735
2021-06-29,13.4,9.3,2.505
2021-06-30,11.52,3.87,3.501
2021-06-30,13.4,9.3,1.361
2021-07-01,11.52,3.87,3.676
2021-07-01,13.4,9.3,2.614
2021-07-02,11.52,3.87,2.562
2021-07-02,13.4,9.3,2.607
2021-07-03,11.52,3.87,1.3940000000000001
2021-07-03,13.4,9.3,1.698
2021-07-04,11.52,3.87,1.07
2021-07-04,13.4,9.3,1.93
2021-07-05,11.52,3.87,2.111
2021-07-05,13.4,9.3,2.141
2021-07-06,11.52,3.87,2.169
2021-07-06,13.4,9.3,2.5140000000000002
2021-07-07,11.52,3.87,2.6830000000000003
2021-07-07,13.4,9.3,2.0180000000000002
2021-07-08,11.52,3.87,3.029
2021-07-08,13.4,9.3,1.993
2021-07-09,11.52,3.87,2.968
2021-07-09,13.4,9.3,2.874
2021-07-10,11.52,3.87,2.343
2021-07-10,13.4,9.3,4.0760000000000005
2021-07-11,11.52,3.87,2.324
2021-07-11,13.4,9.3,5.017
2021-07-12,11.52,3.87,2.189
2021-07-12,13.4,9.3,1.81
2021-07-13,11.52,3.87,2.544
2021-07-13,13.4,9.3,4.632
2021-07-14,11.52,3.87,2.748
2021-07-14,13.4,9.3,4.87
2021-07-15,11.52,3.87,0.985
2021-07-15,13.4,9.3,4.119
2021-07-16,11.52,3.87,1.326
2021-07-16,13.4,9.3,1.9100000000000001
2021-07-17,11.52,3.87,3.181
2021-07-17,13.4,9.3,3.5700000000000003
2021-07-18,11.52,3.87,2.241
2021-07-18,13.4,9.3,2.8000000000000003
2021-07-19,11.52,3.87,3.2840000000000003
2021-07-19,13.4,9.3,2.87
2021-07-20,11.52,3.87,2.22
2021-07-20,13.4,9.3,3.592
2021-07-21,11.52,3.87,3.157
2021-07-21,13.4,9.3,4.45
2021-07-22,11.52,3.87,2.582
2021-07-22,13.4,9.3,3.204
2021-07-23,11.52,3.87,2.971
2021-07-23,13.4,9.3,2.6310000000000002
2021-07-24,11.52,3.87,1.971
2021-07-24,13.4,9.3,4.821
2021-07-25,11.52,3.87,2.1350000000000002
2021-07-25,13.4,9.3,4.336
2021-07-26,11.52,3.87,3.376
2021-07-26,13.4,9.3,3.172
2021-07-27,11.52,3.87,3.2520000000000002
2021-07-27,13.4,9.3,3.0420000000000003
2021-07-28,11.52,3.87,3.472
2021-07-28,13.4,9.3,2.06
2021-07-29,11.52,3.87,3.189
2021-07-29,13.4,9.3,2.021
2021-07-30,11.52,3.87,3.165
2021-07-30,13.4,9.3,3.424
2021-07-31,11.52,3.87,2.32
2021-07-31,13.4,9.3,1.849
2021-08-01,11.52,3.87,1.951
2021-08-01,13.4,9.3,3.6350000000000002
2021-08-02,11.52,3.87,1.992
2021-08-02,13.4,9.3,3.9210000000000003
2021-08-03,11.52,3.87,2.8770000000000002
2021-08-03,13.4,9.3,3.165
2021-08-04,11.52,3.87,3.145
2021-08-04,13.4,9.3,3.527
2021-08-05,11.52,3.87,2.368
2021-08-05,13.4,9.3,3.732
2021-08-06,11.52,3.87,1.7670000000000001
2021-08-06,13.4,9.3,2.336
2021-08-07,11.52,3.87,2.918
2021-08-07,13.4,9.3,2.83
2021-08-08,11.52,3.87,2.371
2021-08-08,13.4,9.3,1.729
2021-08-09,11.52,3.87,2.791
2021-08-09,13.4,9.3,2.857
2021-08-10,11.52,3.87,3.38
2021-08-10,13.4,9.3,4.131
2021-08-11,11.52,3.87,1.989
2021-08-11,13.4,9.3,3.975
2021-08-12,11.52,3.87,1.823
2021-08-12,13.4,9.3,1.959
2021-08-13,11.52,3.87,3.887
2021-08-13,13.4,9.3,3.985
2021-08-14,11.52,3.87,2.462
2021-08-14,13.4,9.3,3.587
2021-08-15,11.52,3.87,2.867
2021-08-15,13.4,9.3,3.724
2021-08-16,11.52,3.87,1.213
2021-08-16,13.4,9.3,4.0440000000000005
2021-08-17,11.52,3.87,1.1420000000000001
2021-08-17,13.4,9.3,3.4050000000000002
2021-08-18,11.52,3.87,2.774
2021-08-18,13.4,9.3,2.261
2021-08-19,11.52,3.87,2.169
2021-08-19,13.4,9.3,2.4130000000000003
2021-08-20,11.52,3.87,1.7770000000000001
2021-08-20,13.4,9.3,4.383
2021-08-21,11.52,3.87,1.6500000000000001
2021-08-21,13.4,9.3,4.554
2021-08-22,11.52,3.87,2.656
2021-08-22,13.4,9.3,2.931
2021-08-23,11.52,3.87,2.942
2021-08-23,13.4,9.3,5.3100000000000005
2021-08-24,11.52,3.87,2.241
2021-08-24,13.4,9.3,4.918
2021-08-25,11.52,3.87,2.067
2021-08-25,13.4,9.3,1.754
2021-08-26,11.52,3.87,2.6470000000000002
2021-08-26,13.4,9.3,5.085
2021-08-27,11.52,3.87,2.826
2021-08-27,13.4,9.3,5.4590000000000005
2021-08-28,11.52,3.87,1.6260000000000001
2021-08-28,13.4,9.3,1.557
2021-08-29,11.52,3.87,2.091
2021-08-29,13.4,9.3,3.7600000000000002
2021-08-30,11.52,3.87,2.892
2021-08-30,13.4,9.3,3.267
2021-08-31,11.52,3.87,3.432
2021-08-31,13.4,9.3,5.331
2021-09-01,11.52,3.87,3.228
2021-09-01,13.4,9.3,4.164
2021-09-02,11.52,3.87,2.235
2021-09-02,13.4,9.3,3.2520000000000002
2021-09-03,11.52,3.87,1.0
2021-09-03,13.4,9.3,4.508
2021-09-04,11.52,3.87,2.794
2021-09-04,13.4,9.3,2.96
2021-09-05,11.52,3.87,3.136
2021-09-05,13.4,9.3,5.042
2021-09-06,11.52,3.87,1.5330000000000001
2021-09-06,13.4,9.3,4.18
2021-09-07,11.52,3.87,3.6870000000000003
2021-09-07,13.4,9.3,5.424
2021-09-08,11.52,3.87,1.8780000000000001
2021-09-08,13.4,9.3,5.284
2021-09-09,11.52,3.87,3.383
2021-09-09,13.4,9.3,3.759
2021-09-10,11.52,3.87,4.03
2021-09-10,13.4,9.3,3.003
2021-09-11,11.52,3.87,3.3000000000000003
2021-09-11,13.4,9.3,3.121
2021-09-12,11.52,3.87,2.207
2021-09-12,13.4,9.3,3.826
2021-09-13,11.52,3.87,3.755
2021-09-13,13.4,9.3,3.759
2021-09-14,11.52,3.87,2.193
2021-09-14,13.4,9.3,3.636
2021-09-15,11.52,3.87,4.197
2021-09-15,13.4,9.3,5.401
2021-09-16,11.52,3.87,2.521
2021-09-16,13.4,9.3,5.7860000000000005
2021-09-17,11.52,3.87,1.722
2021-09-17,13.4,9.3,3.7720000000000002
2021-09-18,11.52,3.87,2.348
2021-09-18,13.4,9.3,4.998
2021-09-19,11.52,3.87,3.424
2021-09-19,13.4,9.3,4.788
2021-09-20,11.52,3.87,2.1470000000000002
2021-09-20,13.4,9.3,3.613
2021-09-21,11.52,3.87,2.575
2021-09-21,13.4,9.3,4.498
2021-09-22,11.52,3.87,2.438
2021-09-22,13.4,9.3,3.5620000000000003
2021-09-23,11.52,3.87,2.975
2021-09-23,13.4,9.3,4.521
2021-09-24,11.52,3.87,2.134
2021-09-24,13.4,9.3,5.289
2021-09-25,11.52,3.87,2.204
2021-09-25,13.4,9.3,5.098
2021-09-26,11.52,3.87,2.911
2021-09-26,13.4,9.3,5.3870000000000005
2021-09-27,11.52,3.87,3.533
2021-09-27,13.4,9.3,4.9110000000000005
2021-09-28,11.52,3.87,2.818
2021-09-28,13.4,9.3,4.98
2021-09-29,11.52,3.87,2.199
2021-09-29,13.4,9.3,2.691
2021-09-30,11.52,3.87,3.068
2021-09-30,13.4,9.3,5.279
2021-10-01,11.52,3.87,1.443
2021-10-01,13.4,9.3,5.003
2021-10-02,11.52,3.87,3.204
2021-10-02,13.4,9.3,4.937
2021-10-03,11.52,3.87,3.364
2021-10-03,13.4,9.3,5.226
2021-10-04,11.52,3.87,4.088
2021-10-04,13.4,9.3,4.343
2021-10-05,11.52,3.87,3.467
2021-10-05,13.4,9.3,4.979
2021-10-06,11.52,3.87,3.343
2021-10-06,13.4,9.3,4.184
2021-10-07,11.52,3.87,2.032
2021-10-07,13.4,9.3,4.6000000000000005
2021-10-08,11.52,3.87,3.717
2021-10-08,13.4,9.3,4.362
2021-10-09,11.52,3.87,1.943
2021-10-09,13.4,9.3,4.941
2021-10-10,11.52,3.87,1.117
2021-10-10,13.4,9.3,3.985
2021-10-11,11.52,3.87,2.699
2021-10-11,13.4,9.3,4.404
2021-10-12,11.52,3.87,3.3970000000000002
2021-10-12,13.4,9.3,4.246
2021-10-13,11.52,3.87,3.064
2021-10-13,13.4,9.3,4.516
2021-10-14,11.52,3.87,3.8280000000000003
2021-10-14,13.4,9.3,4.44
2021-10-15,11.52,3.87,4.047
2021-10-15,13.4,9.3,3.557
2021-10-16,11.52,3.87,2.426
2021-10-16,13.4,9.3,1.227
2021-10-17,11.52,3.87,3.166
2021-10-17,13.4,9.3,3.36
2021-10-18,11.52,3.87,2.794
2021-10-18,13.4,9.3,3.895
2021-10-19,11.52,3.87,2.199
2021-10-19,13.4,9.3,3.731
2021-10-20,11.52,3.87,2.583
2021-10-20,13.4,9.3,2.7920000000000003
2021-10-21,11.52,3.87,2.734
2021-10-21,13.4,9.3,3.207
2021-10-22,11.52,3.87,1.576
2021-10-22,13.4,9.3,2.828
2021-10-23,11.52,3.87,2.765
2021-10-23,13.4,9.3,3.249
2021-10-24,11.52,3.87,4.298
2021-10-24,13.4,9.3,3.23
2021-10-25,11.52,3.87,1.498
2021-10-25,13.4,9.3,3.5420000000000003
2021-10-26,11.52,3.87,3.58
2021-10-26,13.4,9.3,3.064
2021-10-27,11.52,3.87,3.7640000000000002
2021-10-27,13.4,9.3,3.331
2021-10-28,11.52,3.87,3.249
2021-10-28,13.4,9.3,3.763
2021-10-29,11.52,3.87,3.279
2021-10-29,13.4,9.3,3.431
2021-10-30,11.52,3.87,2.562
2021-10-30,13.4,9.3,3.516
2021-10-31,11.52,3.87,2.08
2021-10-31,13.4,9.3,3.334
2021-11-01,11.52,3.87,1.933
2021-11-01,13.4,9.3,3.346
2021-11-02,11.52,3.87,2.322
2021-11-02,13.4,9.3,3.103
2021-11-03,11.52,3.87,2.333
2021-11-03,13.4,9.3,3.061
2021-11-04,11.52,3.87,4.268
2021-11-04,13.4,9.3,3.033
2021-11-05,11.52,3.87,3.6590000000000003
2021-11-05,13.4,9.3,2.975
2021-11-06,11.52,3.87,3.865
2021-11-06,13.4,9.3,3.1910000000000003
2021-11-07,11.52,3.87,3.74
2021-11-07,13.4,9.3,2.883
2021-11-08,11.52,3.87,2.09
2021-11-08,13.4,9.3,2.951
2021-11-09,11.52,3.87,2.479
2021-11-09,13.4,9.3,3.16
2021-11-10,11.52,3.87,2.337
2021-11-10,13.4,9.3,3.404
2021-11-11,11.52,3.87,2.181
2021-11-11,13.4,9.3,3.458
2021-11-12,11.52,3.87,2.745
2021-11-12,13.4,9.3,3.242
2021-11-13,11.52,3.87,4.206
2021-11-13,13.4,9.3,3.299
2021-11-14,11.52,3.87,1.672
2021-11-14,13.4,9.3,3.4
2021-11-15,11.52,3.87,2.61
2021-11-15,13.4,9.3,3.225
2021-11-16,11.52,3.87,2.632
2021-11-16,13.4,9.3,3.2
2021-11-17,11.52,3.87,3.08
2021-11-17,13.4,9.3,3.265
2021-11-18,11.52,3.87,3.5420000000000003
2021-11-18,13.4,9.3,3.333
2021-11-19,11.52,3.87,3.1910000000000003
2021-11-19,13.4,9.3,3.4010000000000002
2021-11-20,11.52,3.87,2.767
2021-11-20,13.4,9.3,2.996
2021-11-21,11.52,3.87,1.861
2021-11-21,13.4,9.3,2.968
2021-11-22,11.52,3.87,3.499
2021-11-22,13.4,9.3,2.8850000000000002
2021-11-23,11.52,3.87,2.5020000000000002
2021-11-23,13.4,9.3,2.726
2021-11-24,11.52,3.87,3.203
2021-11-24,13.4,9.3,2.843
2021-11-25,11.52,3.87,3.724
2021-11-25,13.4,9.3,3.021
2021-11-26,11.52,3.87,3.607
2021-11-26,13.4,9.3,3.083
2021-11-27,11.52,3.87,3.815
2021-11-27,13.4,9.3,2.875
2021-11-28,11.52,3.87,3.222
2021-11-28,13.4,9.3,2.907
2021-11-29,11.52,3.87,2.9250000000000003
2021-11-29,13.4,9.3,2.973
2021-11-30,11.52,3.87,2.766
2021-11-30,13.4,9.3,2.958
2021-12-01,11.52,3.87,3.3770000000000002
2021-12-01,13.4,9.3,3.222
2021-12-02,11.52,3.87,2.6430000000000002
2021-12-02,13.4,9.3,3.0180000000000002
2021-12-03,11.52,3.87,1.782
2021-12-03,13.4,9.3,2.888
2021-12-04,11.52,3.87,3.91
2021-12-04,13.4,9.3,2.952
2021-12-05,11.52,3.87,3.586
2021-12-05,13.4,9.3,3.104
2021-12-06,11.52,3.87,2.701
2021-12-06,13.4,9.3,3.221
2021-12-07,11.52,3.87,3.142
2021-12-07,13.4,9.3,3.031
2021-12-08,11.52,3.87,3.722
2021-12-08,13.4,9.3,3.043
2021-12-09,11.52,3.87,4.048
2021-12-09,13.4,9.3,2.761
2021-12-10,11.52,3.87,4.121
2021-12-10,13.4,9.3,2.91
2021-12-11,11.52,3.87,3.977
2021-12-11,13.4,9.3,2.991
2021-12-12,11.52,3.87,4.0040000000000004
2021-12-12,13.4,9.3,3.12
2021-12-13,11.52,3.87,4.03
2021-12-13,13.4,9.3,3.041
2021-12-14,11.52,3.87,3.734
2021-12-14,13.4,9.3,3.056
2021-12-15,11.52,3.87,
2021-12-15,13.4,9.3,
2021-12-16,11.52,3.87,3.112
2021-12-16,13.4,9.3,2.771
2021-12-17,11.52,3.87,3.992
2021-12-17,13.4,9.3,2.872
2021-12-18,11.52,3.87,3.81
2021-12-18,13.4,9.3,2.79
2021-12-19,11.52,3.87,4.072
2021-12-19,13.4,9.3,2.864
2021-12-20,11.52,3.87,4.213
2021-12-20,13.4,9.3,2.903
2021-12-21,11.52,3.87,4.3180000000000005
2021-12-21,13.4,9.3,2.994
2021-12-22,11.52,3.87,4.097
2021-12-22,13.4,9.3,2.984
2021-12-23,11.52,3.87,3.789
2021-12-23,13.4,9.3,2.891
2021-12-24,11.52,3.87,3.708
2021-12-24,13.4,9.3,3.0140000000000002
2021-12-25,11.52,3.87,3.235
2021-12-25,13.4,9.3,3.053
2021-12-26,11.52,3.87,3.432
2021-12-26,13.4,9.3,3.093
2021-12-27,11.52,3.87,2.482
2021-12-27,13.4,9.3,3.086
2021-12-28,11.52,3.87,1.903
2021-12-28,13.4,9.3,3.1510000000000002
2021-12-29,11.52,3.87,3.158
2021-12-29,13.4,9.3,2.858
2021-12-30,11.52,3.87,3.7640000000000002
2021-12-30,13.4,9.3,3.089
2021-12-31,11.52,3.87,2.739
2021-12-31,13.4,9.3,3.129
